flight_id,date,leg,iop,takeoff_utc_s,aimms_file,ccn_file,cpc_file,cpc_cvi_file,cdp_file,fims_file,merged_file
20160425a,2016-04-25,a,1,57490,AIMMS20_G1_20160425155810_R2_HISCALE020h.ict,CCN_G1_20160425155810_R2_HiScale001s.ict,CPC_G1_20160425155810_R2_HiScale001s.ict,CPC_G1_20160425155810_R2_HiScale001s.ict,CDP_G1_20160425155810_R2_HISCALE001s.ict,FIMS_G1_20160425_R1_HISCALE_001s.txt,aaf.g1.hiscale.mergedSD.20160425a.txt
20160427a,2016-04-27,a,1,61122,AIMMS20_G1_20160427165842_R2_HISCALE020h.ict,CCN_G1_20160427165842_R2_HiScale001s.ict,CPC_G1_20160427165842_R2_HiScale001s.ict,CPC_G1_20160427165842_R2_HiScale001s.ict,CDP_G1_20160427165842_R2_HISCALE001s.ict,,aaf.g1.hiscale.mergedSD.20160427a.txt
20160428a,2016-04-28,a,1,61265,AIMMS20_G1_20160428170105_R2_HISCALE020h.ict,CCN_G1_20160428170105_R2_HiScale001s.ict,CPC_G1_20160428170105_R2_HiScale001s.ict,CPC_G1_20160428170105_R2_HiScale001s.ict,CDP_G1_20160428170105_R2_HISCALE001s.ict,FIMS_G1_20160428_R1_HISCALE_001s.txt,aaf.g1.hiscale.mergedSD.20160428a.txt
20160501a,2016-05-01,a,1,61137,AIMMS20_G1_20160501165857_R2_HISCALE020h.ict,CCN_G1_20160501165857_R2_HiScale001s.ict,CPC_G1_20160501165857_R2_HiScale001s.ict,CPC_G1_20160501165857_R2_HiScale001s.ict,CDP_G1_20160501165857_R2_HISCALE001s.ict,FIMS_G1_20160501_R1_HISCALE_001s.txt,aaf.g1.hiscale.mergedSD.20160501a.txt
20160502a,2016-05-02,a,1,60695,AIMMS20_G1_20160502165135_R2_HISCALE020h.ict,CCN_G1_20160502165135_R2_HiScale001s.ict,CPC_G1_20160502165135_R2_HiScale001s.ict,CPC_G1_20160502165135_R2_HiScale001s.ict,CDP_G1_20160502165135_R2_HISCALE001s.ict,FIMS_G1_20160502_R1_HISCALE_001s.txt,aaf.g1.hiscale.mergedSD.20160502a.txt
20160503a,2016-05-03,a,1,61097,AIMMS20_G1_20160503165817_R2_HISCALE020h.ict,CCN_G1_20160503165817_R2_HiScale001s.ict,CPC_G1_20160503165817_R2_HiScale001s.ict,CPC_G1_20160503165817_R2_HiScale001s.ict,CDP_G1_20160503165817_R2_HISCALE001s.ict,FIMS_G1_20160503_R1_HISCALE_001s.txt,aaf.g1.hiscale.mergedSD.20160503a.txt
20160506a,2016-05-06,a,1,61070,AIMMS20_G1_20160506165750_R2_HISCALE020h.ict,CCN_G1_20160506165750_R2_HiScale001s.ict,CPC_G1_20160506165750_R2_HiScale001s.ict,CPC_G1_20160506165750_R2_HiScale001s.ict,CDP_G1_20160506165750_R2_HISCALE001s.ict,FIMS_G1_20160506_R1_HISCALE_001s.txt,aaf.g1.hiscale.mergedSD.20160506a.txt
20160507a,2016-05-07,a,1,61050,AIMMS20_G1_20160507165730_R2_HISCALE020h.ict,CCN_G1_20160507165730_R2_HiScale001s.ict,CPC_G1_20160507165730_R2_HiScale001s.ict,CPC_G1_20160507165730_R2_HiScale001s.ict,CDP_G1_20160507165730_R2_HISCALE001s.ict,FIMS_G1_20160507_R1_HISCALE_001s.txt,aaf.g1.hiscale.mergedSD.20160507a.txt
20160508a,2016-05-08,a,1,57629,AIMMS20_G1_20160508160029_R2_HISCALE020h.ict,CCN_G1_20160508160029_R2_HiScale001s.ict,CPC_G1_20160508160029_R2_HiScale001s.ict,CPC_G1_20160508160029_R2_HiScale001s.ict,CDP_G1_20160508160029_R2_HISCALE001s.ict,FIMS_G1_20160508_R1_HISCALE_001s.txt,aaf.g1.hiscale.mergedSD.20160508a.txt
20160510a,2016-05-10,a,1,60590,AIMMS20_G1_20160510164950_R2_HISCALE020h.ict,CCN_G1_20160510164950_R2_HiScale001s.ict,CPC_G1_20160510164950_R2_HiScale001s.ict,CPC_G1_20160510164950_R2_HiScale001s.ict,CDP_G1_20160510164950_R2_HISCALE001s.ict,FIMS_G1_20160510_R1_HISCALE_001s.txt,aaf.g1.hiscale.mergedSD.20160510a.txt
20160511a,2016-05-11,a,1,59438,AIMMS20_G1_20160511163038_R2_HISCALE020h.ict,CCN_G1_20160511163038_R2_HiScale001s.ict,CPC_G1_20160511163038_R2_HiScale001s.ict,CPC_G1_20160511163038_R2_HiScale001s.ict,CDP_G1_20160511163038_R2_HISCALE001s.ict,FIMS_G1_20160511_R1_HISCALE_001s.txt,aaf.g1.hiscale.mergedSD.20160511a.txt
20160513a,2016-05-13,a,1,61325,AIMMS20_G1_20160513170205_R2_HISCALE020h.ict,CCN_G1_20160513170205_R2_HiScale001s.ict,CPC_G1_20160513170205_R2_HiScale001s.ict,CPC_G1_20160513170205_R2_HiScale001s.ict,CDP_G1_20160513170205_R2_HISCALE001s.ict,FIMS_G1_20160513_R1_HISCALE_001s.txt,aaf.g1.hiscale.mergedSD.20160513a.txt
20160514a,2016-05-14,a,1,61511,AIMMS20_G1_20160514170511_R2_HISCALE020h.ict,CCN_G1_20160514170511_R2_HiScale001s.ict,CPC_G1_20160514170511_R2_HiScale001s.ict,CPC_G1_20160514170511_R2_HiScale001s.ict,CDP_G1_20160514170511_R2_HISCALE001s.ict,FIMS_G1_20160514_R1_HISCALE_001s.txt,aaf.g1.hiscale.mergedSD.20160514a.txt
20160516a,2016-05-16,a,1,61274,AIMMS20_G1_20160516170114_R2_HISCALE020h.ict,CCN_G1_20160516170114_R2_HiScale001s.ict,CPC_G1_20160516170114_R2_HiScale001s.ict,CPC_G1_20160516170114_R2_HiScale001s.ict,CDP_G1_20160516170114_R2_HISCALE001s.ict,FIMS_G1_20160516_R1_HISCALE_001s.txt,aaf.g1.hiscale.mergedSD.20160516a.txt
20160518a,2016-05-18,a,1,61215,AIMMS20_G1_20160518170015_R2_HISCALE020h.ict,CCN_G1_20160518170015_R2_HiScale001s.ict,CPC_G1_20160518170015_R2_HiScale001s.ict,CPC_G1_20160518170015_R2_HiScale001s.ict,CDP_G1_20160518170015_R2_HISCALE001s.ict,,aaf.g1.hiscale.mergedSD.20160518a.txt
20160519a,2016-05-19,a,1,61121,AIMMS20_G1_20160519165841_R2_HISCALE020h.ict,CCN_G1_20160519165841_R2_HiScale001s.ict,CPC_G1_20160519165841_R2_HiScale001s.ict,CPC_G1_20160519165841_R2_HiScale001s.ict,CDP_G1_20160519165841_R2_HISCALE001s.ict,,aaf.g1.hiscale.mergedSD.20160519a.txt
20160520a,2016-05-20,a,1,63420,AIMMS20_G1_20160520173700_R2_HISCALE020h.ict,CCN_G1_20160520173700_R2_HiScale001s.ict,CPC_G1_20160520173700_R2_HiScale001s.ict,CPC_G1_20160520173700_R2_HiScale001s.ict,CDP_G1_20160520173700_R2_HISCALE001s.ict,FIMS_G1_20160520_R1_HISCALE_001s.txt,aaf.g1.hiscale.mergedSD.20160520a.txt
20160829a,2016-08-29,a,2,53929,AIMMS20_G1_20160829145849_R2_HISCALE020h.ict,CCN_G1_20160829145849_R2_HiScale001s.ict,CPC_G1_20160829145849_R2_HiScale001s.ict,CPC_G1_20160829145849_R2_HiScale001s.ict,CDP_G1_20160829145849_R2_HISCALE001s.ict,FIMS_G1_20160829_R1_HISCALE_001s.txt,aaf.g1.hiscale.mergedSD.20160829a.txt
20160830a,2016-08-30,a,2,52515,AIMMS20_G1_20160830143515_R2_HISCALE020h.ict,CCN_G1_20160830143515_R2_HiScale001s.ict,CPC_G1_20160830143515_R2_HiScale001s.ict,CPC_G1_20160830143515_R2_HiScale001s.ict,CDP_G1_20160830143515_R2_HISCALE001s.ict,FIMS_G1_20160830_R1_L1_HISCALE_001s.txt,aaf.g1.hiscale.mergedSD.20160830a.txt
20160830b,2016-08-30,b,2,66734,,CCN_G1_20160830183214_R2_HiScale001s.ict,CPC_G1_20160830183214_R2_HiScale001s.ict,CPC_G1_20160830183214_R2_HiScale001s.ict,CDP_G1_20160830183214_R2_HISCALE001s.ict,FIMS_G1_20160830_R1_L2_HISCALE_001s.txt,aaf.g1.hiscale.mergedSD.20160830b.txt
20160901a,2016-09-01,a,2,53583,AIMMS20_G1_20160901145303_R2_HISCALE020h.ict,CCN_G1_20160901145303_R2_HiScale001s.ict,CPC_G1_20160901145303_R2_HiScale001s.ict,CPC_G1_20160901145303_R2_HiScale001s.ict,CDP_G1_20160901145303_R2_HISCALE001s.ict,FIMS_G1_20160901_R1_HISCALE_001s.txt,aaf.g1.hiscale.mergedSD.20160901a.txt
20160903a,2016-09-03,a,2,56034,AIMMS20_G1_20160903153354_R2_HISCALE020h.ict,CCN_G1_20160903153354_R2_HiScale001s.ict,CPC_G1_20160903153354_R2_HiScale001s.ict,CPC_G1_20160903153354_R2_HiScale001s.ict,CDP_G1_20160903153354_R2_HISCALE001s.ict,FIMS_G1_20160903_R1_HISCALE_001s.txt,aaf.g1.hiscale.mergedSD.20160903a.txt
20160904a,2016-09-04,a,2,52714,AIMMS20_G1_20160904143834_R2_HISCALE020h.ict,CCN_G1_20160904143834_R2_HiScale001s.ict,CPC_G1_20160904143834_R2_HiScale001s.ict,CPC_G1_20160904143834_R2_HiScale001s.ict,CDP_G1_20160904143834_R2_HISCALE001s.ict,FIMS_G1_20160904_R1_L1_HISCALE_001s.txt,aaf.g1.hiscale.mergedSD.20160904a.txt
20160904b,2016-09-04,b,2,67794,AIMMS20_G1_20160904184954_R2_HISCALE020h.ict,CCN_G1_20160904184954_R2_HiScale001s.ict,CPC_G1_20160904184954_R2_HiScale001s.ict,CPC_G1_20160904184954_R2_HiScale001s.ict,CDP_G1_20160904184954_R2_HISCALE001s.ict,FIMS_G1_20160904_R1_L2_HISCALE_001s.txt,aaf.g1.hiscale.mergedSD.20160904b.txt
20160906a,2016-09-06,a,2,50298,AIMMS20_G1_20160906135818_R2_HISCALE020h.ict,CCN_G1_20160906135818_R2_HiScale001s.ict,CPC_G1_20160906135818_R2_HiScale001s.ict,CPC_G1_20160906135818_R2_HiScale001s.ict,CDP_G1_20160906135818_R2_HISCALE001s.ict,FIMS_G1_20160906_R1_HISCALE_001s.txt,aaf.g1.hiscale.mergedSD.20160906a.txt
20160907a,2016-09-07,a,2,50455,AIMMS20_G1_20160907140055_R2_HISCALE020h.ict,CCN_G1_20160907140055_R2_HiScale001s.ict,,,CDP_G1_20160907140055_R2_HISCALE001s.ict,FIMS_G1_20160907_R1_L1_HISCALE_001s.txt,aaf.g1.hiscale.mergedSD.20160907a.txt
20160907b,2016-09-07,b,2,62727,,CCN_G1_20160907172527_R2_HiScale001s.ict,,CPC_G1_20160907172527_R2_HiScale001s.ict,CDP_G1_20160907172527_R2_HISCALE001s.ict,FIMS_G1_20160907_R1_L2_HISCALE_001s.txt,aaf.g1.hiscale.mergedSD.20160907b.txt
20160909a,2016-09-09,a,2,54045,AIMMS20_G1_20160909150045_R2_HISCALE020h.ict,CCN_G1_20160909150045_R2_HiScale001s.ict,CPC_G1_20160909150045_R2_HiScale001s.ict,CPC_G1_20160909150045_R2_HiScale001s.ict,CDP_G1_20160909150045_R2_HISCALE001s.ict,FIMS_G1_20160909_R1_HISCALE_001s.txt,aaf.g1.hiscale.mergedSD.20160909a.txt
20160910a,2016-09-10,a,2,57298,AIMMS20_G1_20160910155458_R2_HISCALE020h.ict,CCN_G1_20160910155458_R2_HiScale001s.ict,CPC_G1_20160910155458_R2_HiScale001s.ict,CPC_G1_20160910155458_R2_HiScale001s.ict,CDP_G1_20160910155458_R2_HISCALE001s.ict,FIMS_G1_20160910_R1_HISCALE_001s.txt,aaf.g1.hiscale.mergedSD.20160910a.txt
20160911a,2016-09-11,a,2,54699,AIMMS20_G1_20160911151139_R2_HISCALE020h.ict,CCN_G1_20160911151139_R2_HiScale001s.ict,CPC_G1_20160911151139_R2_HiScale001s.ict,CPC_G1_20160911151139_R2_HiScale001s.ict,CDP_G1_20160911151139_R2_HISCALE001s.ict,FIMS_G1_20160911_R1_HISCALE_001s.txt,aaf.g1.hiscale.mergedSD.20160911a.txt
20160913a,2016-09-13,a,2,58091,AIMMS20_G1_20160913160811_R2_HISCALE020h.ict,CCN_G1_20160913160811_R2_HiScale001s.ict,CPC_G1_20160913160811_R2_HiScale001s.ict,CPC_G1_20160913160811_R2_HiScale001s.ict,CDP_G1_20160913160811_R2_HISCALE001s.ict,FIMS_G1_20160913_R1_HISCALE_001s.txt,aaf.g1.hiscale.mergedSD.20160913a.txt
20160915a,2016-09-15,a,2,57837,AIMMS20_G1_20160915160357_R2_HISCALE020h.ict,CCN_G1_20160915160357_R2_HiScale001s.ict,CPC_G1_20160915160357_R2_HiScale001s.ict,CPC_G1_20160915160357_R2_HiScale001s.ict,CDP_G1_20160915160357_R2_HISCALE001s.ict,FIMS_G1_20160915_R1_L1_HISCALE_001s.txt,aaf.g1.hiscale.mergedSD.20160915a.txt
20160915b,2016-09-15,b,2,71769,,CCN_G1_20160915195609_R2_HiScale001s.ict,CPC_G1_20160915195609_R2_HiScale001s.ict,CPC_G1_20160915195609_R2_HiScale001s.ict,CDP_G1_20160915195609_R2_HISCALE001s.ict,FIMS_G1_20160915_R1_L2_HISCALE_001s.txt,aaf.g1.hiscale.mergedSD.20160915b.txt
20160917a,2016-09-17,a,2,59909,AIMMS20_G1_20160917163829_R2_HISCALE020h.ict,CCN_G1_20160917163829_R2_HiScale001s.ict,CPC_G1_20160917163829_R2_HiScale001s.ict,CPC_G1_20160917163829_R2_HiScale001s.ict,CDP_G1_20160917163829_R2_HISCALE001s.ict,FIMS_G1_20160917_R1_HISCALE_001s.txt,aaf.g1.hiscale.mergedSD.20160917a.txt
20160920a,2016-09-20,a,2,58178,AIMMS20_G1_20160920160938_R2_HISCALE020h.ict,,CPC_G1_20160920160938_R2_HiScale001s.ict,,CDP_G1_20160920160938_R2_HISCALE001s.ict,FIMS_G1_20160920_R1_L1_HISCALE_001s.txt,aaf.g1.hiscale.mergedSD.20160920a.txt
20160920b,2016-09-20,b,2,73675,,,CPC_G1_20160920202755_R2_HiScale001s.ict,,CDP_G1_20160920202755_R2_HISCALE001s.ict,FIMS_G1_20160920_R1_L2_HISCALE_001s.txt,aaf.g1.hiscale.mergedSD.20160920b.txt
20160921a,2016-09-21,a,2,59617,AIMMS20_G1_20160921163337_R2_HISCALE020h.ict,,CPC_G1_20160921163337_R2_HiScale001s.ict,CPC_G1_20160921163337_R2_HiScale001s.ict,CDP_G1_20160921163337_R2_HISCALE001s.ict,FIMS_G1_20160921_R1_HISCALE_001s.txt,aaf.g1.hiscale.mergedSD.20160921a.txt
20160922a,2016-09-22,a,2,57985,AIMMS20_G1_20160922160625_R2_HISCALE020h.ict,,CPC_G1_20160922160625_R2_HiScale001s.ict,CPC_G1_20160922160625_R2_HiScale001s.ict,CDP_G1_20160922160625_R2_HISCALE001s.ict,FIMS_G1_20160922_R1_HISCALE_001s.txt,aaf.g1.hiscale.mergedSD.20160922a.txt
